{"count":1,"self":17.1662896,"total":17.546964799999998,"children":{"InitializeActuators":{"count":8,"self":0.0010091,"total":0.0010091,"children":null},"InitializeSensors":{"count":8,"self":0.0024795999999999998,"total":0.0024795999999999998,"children":null},"AgentSendState":{"count":642,"self":0.032363699999999995,"total":0.059877799999999995,"children":{"CollectObservations":{"count":1032,"self":0.0039632999999999995,"total":0.0039632999999999995,"children":null},"WriteActionMask":{"count":1032,"self":0.0009915,"total":0.0009915,"children":null},"RequestDecision":{"count":1032,"self":0.022559299999999997,"total":0.022559299999999997,"children":null}}},"DecideAction":{"count":642,"self":0.2885908,"total":0.2920634,"children":{"RayPerceptionSensor.Perceive":{"count":1032,"self":0.0034725999999999997,"total":0.0034725999999999997,"children":null}}},"AgentAct":{"count":642,"self":0.024749399999999998,"total":0.024749399999999998,"children":null}},"gauges":{},"metadata":{"timer_format_version":"0.1.0","start_time_seconds":"1663682253","unity_version":"2021.1.24f1","command_line_arguments":"C:\\Program Files\\2021.1.24f1\\Editor\\Unity.exe -projectpath C:\\Users\\George\\Documents\\GitHub\\MLua -useHub -hubIPC -cloudEnvironment production -licensingIpc LicenseClient-George -hubSessionId fb771bb0-38d5-11ed-896d-db0938366ddf","communication_protocol_version":"1.5.0","com.unity.ml-agents_version":"2.2.1-exp.1","scene_name":"MLCollectSAC","end_time_seconds":"1663682270"}}