{"count":1,"self":1.7901608,"total":9.2753526,"children":{"InitializeActuators":{"count":1,"self":0.0014693999999999998,"total":0.0014693999999999998,"children":null},"InitializeSensors":{"count":1,"self":0.0014835999999999998,"total":0.0014835999999999998,"children":null},"AgentSendState":{"count":3634,"self":0.0282618,"total":0.24945789999999998,"children":{"CollectObservations":{"count":727,"self":0.0029747999999999997,"total":0.0029747999999999997,"children":null},"WriteActionMask":{"count":727,"self":0.0004959,"total":0.0004959,"children":null},"RequestDecision":{"count":727,"self":0.011904399999999999,"total":0.21772539999999999,"children":{"AgentInfo.ToProto":{"count":727,"self":0.0064459,"total":0.205821,"children":{"GenerateSensorData":{"count":727,"self":0.1988787,"total":0.1993751,"children":{"RayPerceptionSensor.Perceive":{"count":727,"self":0.0004964,"total":0.0004964,"children":null}}}}}}}}},"DecideAction":{"count":3634,"self":7.2084503999999994,"total":7.2084500999999994,"children":null},"AgentAct":{"count":3634,"self":0.023339,"total":0.023339,"children":null}},"gauges":{},"metadata":{"timer_format_version":"0.1.0","start_time_seconds":"1674641779","unity_version":"2021.1.24f1","command_line_arguments":"C:\\Program Files\\2021.1.24f1\\Editor\\Unity.exe -projectpath C:\\Users\\George\\Documents\\GitHub\\MLua -useHub -hubIPC -cloudEnvironment production -licensingIpc LicenseClient-George -hubSessionId b01e8870-9c93-11ed-8887-05cd96e65065","communication_protocol_version":"1.5.0","com.unity.ml-agents_version":"2.2.1-exp.1","scene_name":"Ppoluatest","end_time_seconds":"1674641788"}}